{
	"credit": "Made with Blockbench",
	"texture_size": [32, 32],
	"textures": {
		"0": "reawakens:item/crown_jewel"
	},
	"elements": [
		{
			"from": [5.775, 6, 12.225],
			"to": [10.225, 7.075, 13.025],
			"rotation": {"angle": 0, "axis": "y", "origin": [8, 7, 8]},
			"faces": {
				"north": {"uv": [6, 7, 8, 7.5], "texture": "#0"},
				"east": {"uv": [0, 8.5, 0.5, 9], "texture": "#0"},
				"south": {"uv": [6, 7.5, 8, 8], "texture": "#0"},
				"west": {"uv": [0.5, 8.5, 1, 9], "texture": "#0"},
				"up": {"uv": [2, 8.5, 0, 8], "texture": "#0"},
				"down": {"uv": [4, 8, 2, 8.5], "texture": "#0"}
			}
		},
		{
			"from": [5.775, 6, 2.975],
			"to": [10.225, 7.075, 3.775],
			"rotation": {"angle": 0, "axis": "y", "origin": [8, 7, 8]},
			"faces": {
				"north": {"uv": [8, 3, 10, 3.5], "texture": "#0"},
				"east": {"uv": [1, 8.5, 1.5, 9], "texture": "#0"},
				"south": {"uv": [8, 3.5, 10, 4], "texture": "#0"},
				"west": {"uv": [1.5, 8.5, 2, 9], "texture": "#0"},
				"up": {"uv": [10, 4.5, 8, 4], "texture": "#0"},
				"down": {"uv": [10, 4.5, 8, 5], "texture": "#0"}
			}
		},
		{
			"from": [9.8, 6.025, 3.2],
			"to": [10.925, 7.075, 4],
			"rotation": {"angle": -45, "axis": "y", "origin": [10.275, 6.5375, 3.6]},
			"faces": {
				"north": {"uv": [2, 8.5, 2.5, 9], "texture": "#0"},
				"east": {"uv": [2.5, 8.5, 3, 9], "texture": "#0"},
				"south": {"uv": [3, 8.5, 3.5, 9], "texture": "#0"},
				"west": {"uv": [3.5, 8.5, 4, 9], "texture": "#0"},
				"up": {"uv": [6.5, 9, 6, 8.5], "texture": "#0"},
				"down": {"uv": [7, 8.5, 6.5, 9], "texture": "#0"}
			}
		},
		{
			"from": [5.075, 6.025, 3.2],
			"to": [6.2, 7.075, 4],
			"rotation": {"angle": 45, "axis": "y", "origin": [5.725, 6.5375, 3.6]},
			"faces": {
				"north": {"uv": [7, 8.5, 7.5, 9], "texture": "#0"},
				"east": {"uv": [7.5, 8.5, 8, 9], "texture": "#0"},
				"south": {"uv": [8.5, 7.5, 9, 8], "texture": "#0"},
				"west": {"uv": [8, 8.5, 8.5, 9], "texture": "#0"},
				"up": {"uv": [9, 8.5, 8.5, 8], "texture": "#0"},
				"down": {"uv": [9, 8.5, 8.5, 9], "texture": "#0"}
			}
		},
		{
			"from": [5.075, 6.025, 12],
			"to": [6.2, 7.075, 12.8],
			"rotation": {"angle": -45, "axis": "y", "origin": [5.725, 6.5375, 12.4]},
			"faces": {
				"north": {"uv": [0, 9, 0.5, 9.5], "texture": "#0"},
				"east": {"uv": [0.5, 9, 1, 9.5], "texture": "#0"},
				"south": {"uv": [1, 9, 1.5, 9.5], "texture": "#0"},
				"west": {"uv": [1.5, 9, 2, 9.5], "texture": "#0"},
				"up": {"uv": [2.5, 9.5, 2, 9], "texture": "#0"},
				"down": {"uv": [9.5, 2, 9, 2.5], "texture": "#0"}
			}
		},
		{
			"from": [9.8, 6.025, 12],
			"to": [10.925, 7.075, 12.8],
			"rotation": {"angle": 45, "axis": "y", "origin": [10.275, 6.5375, 12.4]},
			"faces": {
				"north": {"uv": [2.5, 9, 3, 9.5], "texture": "#0"},
				"east": {"uv": [9, 2.5, 9.5, 3], "texture": "#0"},
				"south": {"uv": [3, 9, 3.5, 9.5], "texture": "#0"},
				"west": {"uv": [3.5, 9, 4, 9.5], "texture": "#0"},
				"up": {"uv": [6.5, 9.5, 6, 9], "texture": "#0"},
				"down": {"uv": [7, 9, 6.5, 9.5], "texture": "#0"}
			}
		},
		{
			"from": [5, 6, 3.775],
			"to": [11.025, 7.075, 12.225],
			"rotation": {"angle": 0, "axis": "y", "origin": [8, 7, 8]},
			"faces": {
				"north": {"uv": [6, 2, 9, 2.5], "texture": "#0"},
				"east": {"uv": [4, 4, 8, 4.5], "texture": "#0"},
				"south": {"uv": [6, 2.5, 9, 3], "texture": "#0"},
				"west": {"uv": [4, 4.5, 8, 5], "texture": "#0"},
				"up": {"uv": [3, 4, 0, 0], "texture": "#0"},
				"down": {"uv": [6, 0, 3, 4], "texture": "#0"}
			}
		},
		{
			"from": [5.8, 7, 3.8],
			"to": [10.2, 7.425, 12.2],
			"rotation": {"angle": 0, "axis": "y", "origin": [8, 8, 8]},
			"faces": {
				"north": {"uv": [8, 5, 10, 5.5], "texture": "#0"},
				"east": {"uv": [4, 5, 8, 5.5], "texture": "#0"},
				"south": {"uv": [8, 5.5, 10, 6], "texture": "#0"},
				"west": {"uv": [4, 5.5, 8, 6], "texture": "#0"},
				"up": {"uv": [2, 8, 0, 4], "texture": "#0"},
				"down": {"uv": [4, 4, 2, 8], "texture": "#0"}
			}
		},
		{
			"from": [10.4, 7, 3.8],
			"to": [11.3, 7.525, 12.2],
			"rotation": {"angle": -22.5, "axis": "z", "origin": [10, 8, 8]},
			"faces": {
				"north": {"uv": [7, 9, 7.5, 9.5], "texture": "#0"},
				"east": {"uv": [6, 0, 10, 0.5], "texture": "#0"},
				"south": {"uv": [7.5, 9, 8, 9.5], "texture": "#0"},
				"west": {"uv": [6, 0.5, 10, 1], "texture": "#0"},
				"up": {"uv": [4.5, 10, 4, 6], "texture": "#0"},
				"down": {"uv": [5, 6, 4.5, 10], "texture": "#0"}
			}
		},
		{
			"from": [4.7, 7, 3.8],
			"to": [5.6, 7.525, 12.2],
			"rotation": {"angle": 22.5, "axis": "z", "origin": [6, 8, 8]},
			"faces": {
				"north": {"uv": [9, 7.5, 9.5, 8], "texture": "#0"},
				"east": {"uv": [6, 1, 10, 1.5], "texture": "#0"},
				"south": {"uv": [8, 9, 8.5, 9.5], "texture": "#0"},
				"west": {"uv": [6, 1.5, 10, 2], "texture": "#0"},
				"up": {"uv": [5.5, 10, 5, 6], "texture": "#0"},
				"down": {"uv": [6, 6, 5.5, 10], "texture": "#0"}
			}
		},
		{
			"from": [5.8, 7, 2.7],
			"to": [10.2, 7.525, 3.6],
			"rotation": {"angle": -22.5, "axis": "x", "origin": [6, 8, 4]},
			"faces": {
				"north": {"uv": [6, 8, 8, 8.5], "texture": "#0"},
				"east": {"uv": [9, 8, 9.5, 8.5], "texture": "#0"},
				"south": {"uv": [8, 6, 10, 6.5], "texture": "#0"},
				"west": {"uv": [8.5, 9, 9, 9.5], "texture": "#0"},
				"up": {"uv": [10, 7, 8, 6.5], "texture": "#0"},
				"down": {"uv": [10, 7, 8, 7.5], "texture": "#0"}
			}
		},
		{
			"from": [5.8, 7, 12.4],
			"to": [10.2, 7.525, 13.3],
			"rotation": {"angle": 22.5, "axis": "x", "origin": [6, 8, 12]},
			"faces": {
				"north": {"uv": [6, 3, 8, 3.5], "texture": "#0"},
				"east": {"uv": [8, 7.5, 8.5, 8], "texture": "#0"},
				"south": {"uv": [6, 3.5, 8, 4], "texture": "#0"},
				"west": {"uv": [8, 8, 8.5, 8.5], "texture": "#0"},
				"up": {"uv": [8, 6.5, 6, 6], "texture": "#0"},
				"down": {"uv": [8, 6.5, 6, 7], "texture": "#0"}
			}
		}
	],
	"display": {
		"thirdperson_righthand": {
			"rotation": [-90, 0, 0],
			"translation": [0, -2, -0.75],
			"scale": [0.34, 0.34, 0.34]
		},
		"thirdperson_lefthand": {
			"rotation": [-90, 0, 0],
			"translation": [0, -2, -0.75],
			"scale": [0.34, 0.34, 0.34]
		},
		"firstperson_righthand": {
			"rotation": [90, 0, 0],
			"translation": [0, 2, 2],
			"scale": [0.5, 0.5, 0.5]
		},
		"firstperson_lefthand": {
			"rotation": [90, 0, 0],
			"translation": [0, 2, 2],
			"scale": [0.5, 0.5, 0.5]
		},
		"ground": {
			"rotation": [90, 0, 0],
			"translation": [0, 1, 0],
			"scale": [0.5, 0.5, 0.5]
		},
		"gui": {
			"rotation": [90, 0, 0],
			"scale": [1.30, 1.30, 1.30]
		},
		"fixed": {
			"rotation": [-90, 0, 0],
			"translation": [0, 0, -2],
			"scale": [1.60, 1.60, 1.60]
		}
	}
}