{
	"credit": "Made with Blockbench",
	"parent": "leather chestplate",
	"texture_size": [64, 64],
	"textures": {
		"0": "template:item/backpack",
		"particle": "template:item/backpack"
	},
	"elements": [
		{
			"name": "middle",
			"from": [2, 3, 0],
			"to": [14, 11, 6],
			"rotation": {"angle": 0, "axis": "y", "origin": [7, 0, 0]},
			"faces": {
				"north": {"uv": [3.5, 0.75, 6.5, 2.75], "texture": "#0"},
				"east": {"uv": [3, 8, 4.5, 10], "texture": "#0"},
				"south": {"uv": [0, 7.5, 3, 9.5], "texture": "#0"},
				"west": {"uv": [4.5, 8, 6, 10], "texture": "#0"},
				"up": {"uv": [10.5, 3, 7.5, 1.5], "texture": "#0"},
				"down": {"uv": [9.5, 7.5, 6.5, 9], "texture": "#0"}
			}
		},
		{
			"name": "bottom",
			"from": [3, 0, 0],
			"to": [13, 3, 4],
			"faces": {
				"north": {"uv": [1.5, 0, 4, 0.75], "texture": "#0"},
				"east": {"uv": [2.5, 2, 3.5, 2.75], "texture": "#0"},
				"south": {"uv": [2.5, 2.75, 5, 3.5], "texture": "#0"},
				"west": {"uv": [0, 3, 1, 3.75], "texture": "#0"},
				"up": {"uv": [3, 2, 0.5, 1], "texture": "#0"},
				"down": {"uv": [2.5, 2, 0, 3], "texture": "#0"}
			}
		},
		{
			"name": "top",
			"from": [1.9, 7, 0],
			"to": [14.1, 11, 6],
			"rotation": {"angle": -22.5, "axis": "x", "origin": [5, 11, 0]},
			"faces": {
				"north": {"uv": [6.5, 6.5, 9.5, 7.5], "texture": "#0"},
				"east": {"uv": [4.5, 4.5, 6, 5.5], "texture": "#0"},
				"south": {"uv": [7, 5.5, 10, 6.5], "texture": "#0"},
				"west": {"uv": [1.5, 5, 3, 6], "texture": "#0"},
				"up": {"uv": [9, 5.5, 6, 4], "texture": "#0"},
				"down": {"uv": [6.5, 6.5, 3.5, 8], "texture": "#0"}
			}
		},
		{
			"name": "lock metal",
			"from": [7, 8, 5],
			"to": [9, 10, 7],
			"rotation": {"angle": 0, "axis": "y", "origin": [7, 8, 5]},
			"faces": {
				"north": {"uv": [0, 0, 0.5, 0.5], "texture": "#0"},
				"east": {"uv": [0, 0.5, 0.5, 1], "texture": "#0"},
				"south": {"uv": [0.5, 0, 1, 0.5], "texture": "#0"},
				"west": {"uv": [0.5, 0.5, 1, 1], "texture": "#0"},
				"up": {"uv": [0.5, 1.5, 0, 1], "texture": "#0"},
				"down": {"uv": [1.5, 0, 1, 0.5], "texture": "#0"}
			}
		},
		{
			"name": "lock metal",
			"from": [7, 2, 3],
			"to": [9, 3, 5],
			"rotation": {"angle": 0, "axis": "y", "origin": [7, 1, 3]},
			"faces": {
				"north": {"uv": [0, 0, 0.5, 0.5], "texture": "#0"},
				"east": {"uv": [0, 0.5, 0.5, 1], "texture": "#0"},
				"south": {"uv": [0.5, 0, 1, 0.5], "texture": "#0"},
				"west": {"uv": [0.5, 0.5, 1, 1], "texture": "#0"},
				"up": {"uv": [0.5, 1.5, 0, 1], "texture": "#0"},
				"down": {"uv": [1.5, 0, 1, 0.5], "texture": "#0"}
			}
		}
	]
	
	
}