{
	"credit": "Made with Blockbench",
	"texture_size": [32, 32],
	"textures": {
		"0": "template:item/potion_belt",
		"particle": ":item/potion_belt"
	},
	"elements": [
		{
			"from": [1, 5, 1],
			"to": [15, 7, 15],
			"rotation": {"angle": 0, "axis": "y", "origin": [7, 5, 7]},
			"faces": {
				"north": {"uv": [7, 0, 14, 1], "texture": "#0"},
				"east": {"uv": [7, 1, 14, 2], "texture": "#0"},
				"south": {"uv": [7, 2, 14, 3], "texture": "#0"},
				"west": {"uv": [7, 3, 14, 4], "texture": "#0"},
				"up": {"uv": [7, 7, 0, 0], "texture": "#0"},
				"down": {"uv": [7, 7, 0, 14], "texture": "#0"}
			}
		},
		{
			"from": [1, 5.5, -1],
			"to": [6, 6, 1],
			"rotation": {"angle": 0, "axis": "y", "origin": [9, 5, -3]},
			"faces": {
				"north": {"uv": [7, 8.5, 9.5, 9], "texture": "#0"},
				"east": {"uv": [10.5, 4, 11.5, 4.5], "texture": "#0"},
				"south": {"uv": [9, 6, 11.5, 6.5], "texture": "#0"},
				"west": {"uv": [10.5, 4.5, 11.5, 5], "texture": "#0"},
				"up": {"uv": [9.5, 5, 7, 4], "texture": "#0"},
				"down": {"uv": [9.5, 5, 7, 6], "texture": "#0"}
			}
		},
		{
			"from": [15.25, 6, 4.5],
			"to": [15.75, 7.75, 5.5],
			"rotation": {"angle": -22.5, "axis": "x", "origin": [14.75, 6, 4.25]},
			"faces": {
				"north": {"uv": [9.5, 11, 10, 12], "texture": "#0"},
				"east": {"uv": [11, 9.5, 11.5, 10.5], "texture": "#0"},
				"south": {"uv": [11, 10.5, 11.5, 11.5], "texture": "#0"},
				"west": {"uv": [11.5, 4, 12, 5], "texture": "#0"},
				"up": {"uv": [12, 7, 11.5, 6.5], "texture": "#0"},
				"down": {"uv": [7.5, 11.5, 7, 12], "texture": "#0"}
			}
		},
		{
			"from": [4.5, 5, -0.5],
			"to": [5.5, 6.25, 0.5],
			"rotation": {"angle": 0, "axis": "y", "origin": [12, 5, -3]},
			"faces": {
				"north": {"uv": [10.5, 5, 11, 6], "texture": "#0"},
				"east": {"uv": [10, 10.5, 10.5, 11.5], "texture": "#0"},
				"south": {"uv": [10.5, 10.5, 11, 11.5], "texture": "#0"},
				"west": {"uv": [11, 5, 11.5, 6], "texture": "#0"},
				"up": {"uv": [10, 9, 9.5, 8.5], "texture": "#0"},
				"down": {"uv": [12, 5, 11.5, 5.5], "texture": "#0"}
			}
		},
		{
			"from": [15, 2.5, 4.25],
			"to": [16, 7, 6.25],
			"rotation": {"angle": -22.5, "axis": "x", "origin": [15, 5.5, 5.25]},
			"faces": {
				"north": {"uv": [7, 9, 7.5, 11.5], "texture": "#0"},
				"east": {"uv": [7, 6, 8, 8.5], "texture": "#0"},
				"south": {"uv": [7.5, 9, 8, 11.5], "texture": "#0"},
				"west": {"uv": [8, 6, 9, 8.5], "texture": "#0"},
				"up": {"uv": [11.5, 9.5, 11, 8.5], "texture": "#0"},
				"down": {"uv": [9.5, 11, 9, 12], "texture": "#0"}
			}
		},
		{
			"from": [4, 3, -1],
			"to": [6, 5, 1],
			"rotation": {"angle": 0, "axis": "y", "origin": [12, 3, -3]},
			"faces": {
				"north": {"uv": [9, 6.5, 10, 7.5], "texture": "#0"},
				"east": {"uv": [9, 7.5, 10, 8.5], "texture": "#0"},
				"south": {"uv": [8, 9, 9, 10], "texture": "#0"},
				"west": {"uv": [9, 9, 10, 10], "texture": "#0"},
				"up": {"uv": [10.5, 5, 9.5, 4], "texture": "#0"},
				"down": {"uv": [10.5, 5, 9.5, 6], "texture": "#0"}
			}
		},
		{
			"from": [1.5, 5, -0.5],
			"to": [2.5, 6.25, 0.5],
			"rotation": {"angle": 0, "axis": "y", "origin": [9, 5, -3]},
			"faces": {
				"north": {"uv": [11, 6.5, 11.5, 7.5], "texture": "#0"},
				"east": {"uv": [11, 7.5, 11.5, 8.5], "texture": "#0"},
				"south": {"uv": [8, 11, 8.5, 12], "texture": "#0"},
				"west": {"uv": [8.5, 11, 9, 12], "texture": "#0"},
				"up": {"uv": [12, 6, 11.5, 5.5], "texture": "#0"},
				"down": {"uv": [12, 6, 11.5, 6.5], "texture": "#0"}
			}
		},
		{
			"from": [1, 3, -1],
			"to": [3, 5, 1],
			"rotation": {"angle": 0, "axis": "y", "origin": [9, 3, -3]},
			"faces": {
				"north": {"uv": [10, 6.5, 11, 7.5], "texture": "#0"},
				"east": {"uv": [10, 7.5, 11, 8.5], "texture": "#0"},
				"south": {"uv": [8, 10, 9, 11], "texture": "#0"},
				"west": {"uv": [10, 8.5, 11, 9.5], "texture": "#0"},
				"up": {"uv": [10, 11, 9, 10], "texture": "#0"},
				"down": {"uv": [11, 9.5, 10, 10.5], "texture": "#0"}
			}
		}
	]
}