{
	"credit": "Made with Blockbench",
	"parent": "builtin/entity",
	"texture_size": [64, 64],
	"textures": {
		"0": "template:item/shiled",
		"particle": "template:item/shiled"
	},
	"elements": [
		{
			"from": [5, 7.25, 1.5],
			"to": [11, 8.25, 2.75],
			"rotation": {"angle": 0, "axis": "y", "origin": [7, 2.5, 0.5]},
			"faces": {
				"north": {"uv": [5.25, 3.5, 6.75, 3.75], "texture": "#0"},
				"east": {"uv": [4.75, 5.5, 5, 5.75], "texture": "#0"},
				"south": {"uv": [5.25, 3.75, 6.75, 4], "texture": "#0"},
				"west": {"uv": [5.5, 5, 5.75, 5.25], "texture": "#0"},
				"up": {"uv": [6.75, 4.25, 5.25, 4], "texture": "#0"},
				"down": {"uv": [6.75, 4.25, 5.25, 4.5], "texture": "#0"}
			}
		},
		{
			"from": [2, 1.5, 0.5],
			"to": [14, 13.5, 1.5],
			"rotation": {"angle": 0, "axis": "y", "origin": [7, 2.5, 0.5]},
			"faces": {
				"north": {"uv": [0, 0, 3, 3], "texture": "#0"},
				"east": {"uv": [3.75, 5, 4, 8], "texture": "#0"},
				"south": {"uv": [0, 3, 3, 6], "texture": "#0"},
				"west": {"uv": [4, 5, 4.25, 8], "texture": "#0"},
				"up": {"uv": [8.25, 3.25, 5.25, 3], "texture": "#0"},
				"down": {"uv": [8.25, 3.25, 5.25, 3.5], "texture": "#0"}
			}
		},
		{
			"from": [7, 6.5, 0],
			"to": [9, 8.5, 0.5],
			"rotation": {"angle": 0, "axis": "y", "origin": [7, 2.5, 0.5]},
			"faces": {
				"north": {"uv": [1.25, 1.25, 1.75, 1.75], "texture": "#0"},
				"east": {"uv": [3.75, 5, 4, 8], "texture": "#0"},
				"south": {"uv": [1.25, 1.3125, 1.5625, 1.75], "texture": "#0"},
				"west": {"uv": [4, 5, 4.25, 8], "texture": "#0"},
				"up": {"uv": [8.25, 3.25, 5.25, 3], "texture": "#0"},
				"down": {"uv": [8.25, 3.25, 5.25, 3.5], "texture": "#0"}
			}
		},
		{
			"from": [2, 1, 0],
			"to": [14, 2, 2],
			"rotation": {"angle": 0, "axis": "y", "origin": [2, 0, 0]},
			"faces": {
				"north": {"uv": [5, 2, 8, 2.25], "texture": "#0"},
				"east": {"uv": [4.25, 5, 4.75, 5.25], "texture": "#0"},
				"south": {"uv": [5, 2.25, 8, 2.5], "texture": "#0"},
				"west": {"uv": [4.25, 5.25, 4.75, 5.5], "texture": "#0"},
				"up": {"uv": [6, 0.5, 3, 0], "texture": "#0"},
				"down": {"uv": [6, 0.5, 3, 1], "texture": "#0"}
			}
		},
		{
			"from": [2, 13, 0],
			"to": [14, 14, 2],
			"rotation": {"angle": 0, "axis": "y", "origin": [2, 12, 0]},
			"faces": {
				"north": {"uv": [5, 2.5, 8, 2.75], "texture": "#0"},
				"east": {"uv": [5.25, 4.5, 5.75, 4.75], "texture": "#0"},
				"south": {"uv": [5, 2.75, 8, 3], "texture": "#0"},
				"west": {"uv": [5.25, 4.75, 5.75, 5], "texture": "#0"},
				"up": {"uv": [6, 1.5, 3, 1], "texture": "#0"},
				"down": {"uv": [6, 1.5, 3, 2], "texture": "#0"}
			}
		},
		{
			"from": [1.5, 1.5, 0],
			"to": [2.5, 13.5, 2],
			"rotation": {"angle": 0, "axis": "y", "origin": [2.5, 12, 0]},
			"faces": {
				"north": {"uv": [3, 5, 3.25, 8], "texture": "#0"},
				"east": {"uv": [3, 2, 3.5, 5], "texture": "#0"},
				"south": {"uv": [5, 3, 5.25, 6], "texture": "#0"},
				"west": {"uv": [3.5, 2, 4, 5], "texture": "#0"},
				"up": {"uv": [5, 5.5, 4.75, 5], "texture": "#0"},
				"down": {"uv": [5.5, 5, 5.25, 5.5], "texture": "#0"}
			}
		},
		{
			"from": [13.5, 1.5, 0],
			"to": [14.5, 13.5, 2],
			"rotation": {"angle": 0, "axis": "y", "origin": [14.5, 12, 0]},
			"faces": {
				"north": {"uv": [3.25, 5, 3.5, 8], "texture": "#0"},
				"east": {"uv": [4, 2, 4.5, 5], "texture": "#0"},
				"south": {"uv": [3.5, 5, 3.75, 8], "texture": "#0"},
				"west": {"uv": [4.5, 2, 5, 5], "texture": "#0"},
				"up": {"uv": [4.5, 6, 4.25, 5.5], "texture": "#0"},
				"down": {"uv": [4.75, 5.5, 4.5, 6], "texture": "#0"}
			}
		}
	],
	"overrides": [
		{"predicate": {"blocking": 1}, "model": "item/shield_blocking"}
	],
	"display": {
		"thirdperson_righthand": {
			"rotation": [75, 0, 0],
			"translation": [0, -5.75, 1.25]
		},
		"thirdperson_lefthand": {
			"rotation": [75, 0, 0],
			"translation": [0, -5.75, 1.25]
		},
		"firstperson_righthand": {
			"translation": [-4.5, 4, 8.75],
			"scale": [0.4, 0.4, 0.4]
		},
		"firstperson_lefthand": {
			"translation": [-4.5, 4, 8.75],
			"scale": [0.4, 0.4, 0.4]
		},
		"ground": {
			"translation": [0, 2, 0],
			"scale": [0.5, 0.5, 0.5]
		},
		"gui": {
			"rotation": [0, 180, 0],
			"translation": [0, 0, 7.75]
		},
		"fixed": {
			"translation": [0, 0, 7.75]
		}
	},
	"groups": [
		{
			"name": "shield",
			"origin": [8, 8, 8],
			"color": 0,
			"children": [0, 1, 2, 3, 4, 5, 6]
		}
	]
}