{
	"credit": "Made with Blockbench",
	"texture_size": [64, 64],
	"textures": {
		"0": "template:item/spear",
		"particle": "template:item/spear"
	},
	"elements": [
		{
			"from": [7, -10, 8],
			"to": [9, 25, 10],
			"rotation": {"angle": 0, "axis": "y", "origin": [7, 6, 8]},
			"faces": {
				"north": {"uv": [0, 0, 0.5, 8.75], "texture": "#0"},
				"east": {"uv": [0.5, 0, 1, 8.75], "texture": "#0"},
				"south": {"uv": [1, 0, 1.5, 8.75], "texture": "#0"},
				"west": {"uv": [1.5, 0, 2, 8.75], "texture": "#0"},
				"up": {"uv": [3.5, 2, 3, 1.5], "texture": "#0"},
				"down": {"uv": [3.5, 2, 3, 2.5], "texture": "#0"}
			}
		},
		{
			"from": [8, 22, 7],
			"to": [8, 29, 11],
			"rotation": {"angle": 0, "axis": "y", "origin": [7, 15, 8]},
			"faces": {
				"north": {"uv": [0, 0, 0, 1.75], "texture": "#0"},
				"east": {"uv": [2, 0, 3, 1.75], "texture": "#0"},
				"south": {"uv": [0, 0, 0, 1.75], "texture": "#0"},
				"west": {"uv": [2, 1.75, 3, 3.5], "texture": "#0"},
				"up": {"uv": [0, 1, 0, 0], "texture": "#0"},
				"down": {"uv": [0, 0, 0, 1], "texture": "#0"}
			}
		},
		{
			"from": [8, 29, 8],
			"to": [8, 32, 10],
			"rotation": {"angle": 0, "axis": "y", "origin": [7, 20, 8]},
			"faces": {
				"north": {"uv": [0, 0, 0, 0.75], "texture": "#0"},
				"east": {"uv": [3, 0, 3.5, 0.75], "texture": "#0"},
				"south": {"uv": [0, 0, 0, 0.75], "texture": "#0"},
				"west": {"uv": [3, 0.75, 3.5, 1.5], "texture": "#0"},
				"up": {"uv": [0, 0.5, 0, 0], "texture": "#0"},
				"down": {"uv": [0, 0, 0, 0.5], "texture": "#0"}
			}
		}
	],
	"display": {
		"thirdperson_righthand": {
			"rotation": [55, 0, 0],
			"translation": [0, 1.25, 3.25],
			"scale": [0.7, 1, 0.7]
		}
	}
}