{
    "model": {
        "type": "select",
        "property": "component",
        "component": "custom_name",
        "fallback": {
            "type": "model",
            "model": "minecraft:item/amethyst_shard"
        },
        "cases": [
            {
                "when": {
                    "bold": true,
                    "color": "green",
                    "text": "Maestro Claude's Crown jewel"
                },
                "model": {
                  "type": "model",
                    //"texture": "reawakens:items/crown_jewel"
                  "model": "reawakens:item/non-3d/crown_jewel"
                }
            }
        ]
    }
}
