{
  "model": {
    "type": "select",
    "property": "component",
    "component": "custom_name",
    "fallback": {
      "type": "model",
      "model": "minecraft:item/echo_shard"
    },
    "cases": [
      {
        "when": {
         // "italic": true,
          "color": "dark_green",
          "text": "- - Forsaken Keepsake - -"
        },
        "model": {
          "type": "model",
          "model": "reawakens:item/non-3d/forsaken_keepsake"
        }
      }
    ]
  }
}
