{
    "model": {
        "type": "select",
        "property": "component",
        "component": "item_name",
        "fallback": {
            "type": "model",
            "model": "minecraft:item/totem_of_undying"
        },
        "cases": [
            {
                "when": {
                    "bold": true,
                    "color": "gold",
                    "text": "Eydel's Totem"
                },
                "model": {
                  "type": "model",
                    //"texture": "reawakens:items/crown_jewel"
                  "model": "reawakens:item/non-3d/eydels_totem"
                }
            }
        ]
    }
}
