
{
  "model": {
    "type": "condition",
    "property": "has_component",
    "component": "custom_name",

    "on_true": {
       "type": "select",
      "property": "component",
      "component": "custom_name",
      "fallback": {
        "type": "model",
        "model": "minecraft:item/netherite_sword"
      },
      "cases": [
        {
          "when": {
            "bold": true,
            "color": "dark_aqua",
            "text": "Reaver's Edge"
          },
          "model": {
            "type": "model",
            "model": "reawakens:item/reavers"
          }
        }
      ]
    },
    "on_false": {
     
        "type": "select",
        "property": "component",
        "component": "item_name",
        "fallback": {
          "type": "model",
          "model": "minecraft:item/netherite_sword"
        },
        "cases": [
          {
            "when": {
              "italic": true,
              "bold": true,
              "color": "dark_aqua",
              "text": "Reaver's Edge"
            },
            "model": {
              "type": "model",
              "model": "reawakens:item/reavers"
            }
          }
        ]

    },
    "fallback": {
      "type": "model",
      "model": "minecraft:item/netherite_sword"

    }
  }
}


