{
	"credit": "Made with Blockbench",
	"texture_size": [64, 64],
	"textures": {
		"0": "reawakens:item/bock_helmet"

	},
	"elements": [
		{
			"from": [3, 0.25, 3],
			"to": [13, 11.25, 13],
			"rotation": {"angle": 0, "axis": "y", "origin": [3, 0.25, 5]},
			"faces": {
				"north": {"uv": [0, 0, 2.5, 2.75], "texture": "#0"},
				"east": {"uv": [2.5, 0, 5, 2.75], "texture": "#0"},
				"south": {"uv": [0, 2.75, 2.5, 5.5], "texture": "#0"},
				"west": {"uv": [2.5, 2.75, 5, 5.5], "texture": "#0"},
				"up": {"uv": [7.5, 2.5, 5, 0], "texture": "#0"},
				"down": {"uv": [7.5, 2.5, 5, 5], "texture": "#0"}
			}
		},
		{
			"from": [2.775, 0.15, 2.775],
			"to": [13.225, 3.25, 13.225],
			"rotation": {"angle": 0, "axis": "y", "origin": [3, 0.25, 5]},
			"faces": {
				"north": {"uv": [13.5, 0, 16, 0.75], "texture": "#0"},
				"east": {"uv": [13.5, 1, 16, 1.75], "texture": "#0"},
				"south": {"uv": [13.5, 2.25, 16, 3], "texture": "#0"},
				"west": {"uv": [13.5, 3.5, 16, 4.25], "texture": "#0"},
				"up": {"uv": [12.75, 11.5, 15.25, 14], "texture": "#0"},
				"down": {"uv": [5, 2.5, 7.5, 5], "texture": "#0"}
			}
		},
		{
			"from": [2.8, 0.15, 2.8],
			"to": [13.2, 3.25, 13.2],
			"rotation": {"angle": 0, "axis": "y", "origin": [3, 0.25, 5]},
			"faces": {
				"north": {"uv": [7.5, 0, 10, 0.75], "texture": "#0"},
				"east": {"uv": [7.5, 0.75, 10, 1.5], "texture": "#0"},
				"south": {"uv": [7.5, 1.5, 10, 2.25], "texture": "#0"},
				"west": {"uv": [7.5, 2.25, 10, 3], "texture": "#0"},
				"up": {"uv": [7.5, 7.5, 5, 5], "texture": "#0"},
				"down": {"uv": [2.5, 5.5, 0, 8], "texture": "#0"}
			}
		},
		{
			"from": [6, 11.25, 5],
			"to": [10, 12.25, 10],
			"rotation": {"angle": 0, "axis": "y", "origin": [3, 11.25, 5]},
			"faces": {
				"north": {"uv": [1.5, 8.5, 2.5, 8.75], "texture": "#0"},
				"east": {"uv": [8.5, 3, 9.75, 3.25], "texture": "#0"},
				"south": {"uv": [8.5, 3.5, 9.5, 3.75], "texture": "#0"},
				"west": {"uv": [8.5, 3.25, 9.75, 3.5], "texture": "#0"},
				"up": {"uv": [3.5, 8.75, 2.5, 7.5], "texture": "#0"},
				"down": {"uv": [8.5, 3, 7.5, 4.25], "texture": "#0"}
			}
		},
		{
			"from": [7, 12.25, 5.5],
			"to": [9, 14.25, 8.75],
			"rotation": {"angle": 0, "axis": "y", "origin": [3, 12.25, 5]},
			"faces": {
				"north": {"uv": [8.5, 3.75, 9, 4.25], "texture": "#0"},
				"east": {"uv": [1.5, 8, 2.25, 8.5], "texture": "#0"},
				"south": {"uv": [8.5, 4.25, 9, 4.75], "texture": "#0"},
				"west": {"uv": [8, 5, 8.75, 5.5], "texture": "#0"},
				"up": {"uv": [8.5, 6.25, 8, 5.5], "texture": "#0"},
				"down": {"uv": [5, 8.25, 4.5, 9], "texture": "#0"}
			}
		},
		{
			"from": [6.95, 13.02583, 3.15432],
			"to": [9.05, 16.52583, 13.15432],
			"rotation": {"angle": 22.5, "axis": "x", "origin": [8, 14.02583, 7.40432]},
			"faces": {
				"north": {"uv": [7.75, 7.25, 8.25, 8.25], "texture": "#0"},
				"east": {"uv": [2.5, 5.5, 5, 6.5], "texture": "#0"},
				"south": {"uv": [0, 8, 0.5, 9], "texture": "#0"},
				"west": {"uv": [2.5, 6.5, 5, 7.5], "texture": "#0"},
				"up": {"uv": [4, 10, 3.5, 7.5], "texture": "#0"},
				"down": {"uv": [4.5, 7.5, 4, 10], "texture": "#0"}
			}
		},
		{
			"from": [6.975, 11.8866, 11.36334],
			"to": [9.025, 14.8866, 14.86334],
			"rotation": {"angle": -22.5, "axis": "x", "origin": [8, 11.5616, 16.11334]},
			"faces": {
				"north": {"uv": [5, 8.25, 5.5, 9], "texture": "#0"},
				"east": {"uv": [7.5, 4.25, 8.5, 5], "texture": "#0"},
				"south": {"uv": [8.25, 6.25, 8.75, 7], "texture": "#0"},
				"west": {"uv": [4.5, 7.5, 5.5, 8.25], "texture": "#0"},
				"up": {"uv": [1, 9, 0.5, 8], "texture": "#0"},
				"down": {"uv": [1.5, 8, 1, 9], "texture": "#0"}
			}
		},
		{
			"from": [6.975, 6.7366, 10.18834],
			"to": [9.025, 9.7366, 12.68834],
			"rotation": {"angle": -22.5, "axis": "x", "origin": [8, 11.5616, 16.11334]},
			"faces": {
				"north": {"uv": [7, 8.25, 7.5, 9], "texture": "#0"},
				"east": {"uv": [7.5, 6.5, 8.25, 7.25], "texture": "#0"},
				"south": {"uv": [8.25, 7, 8.75, 7.75], "texture": "#0"},
				"west": {"uv": [7, 7.5, 7.75, 8.25], "texture": "#0"},
				"up": {"uv": [8, 9, 7.5, 8.25], "texture": "#0"},
				"down": {"uv": [8.75, 7.75, 8.25, 8.5], "texture": "#0"}
			}
		},
		{
			"from": [6.95, 5.8866, 12.36334],
			"to": [9.05, 11.5866, 14.73834],
			"rotation": {"angle": 0, "axis": "x", "origin": [8, 10.5616, 13.61334]},
			"faces": {
				"north": {"uv": [7.5, 5, 8, 6.5], "texture": "#0"},
				"east": {"uv": [5.5, 7.5, 6, 9], "texture": "#0"},
				"south": {"uv": [6, 7.5, 6.5, 9], "texture": "#0"},
				"west": {"uv": [6.5, 7.5, 7, 9], "texture": "#0"},
				"up": {"uv": [9, 6, 8.5, 5.5], "texture": "#0"},
				"down": {"uv": [8.5, 8.5, 8, 9], "texture": "#0"}
			}
		}
	],
	"display": {
		"thirdperson_righthand": {
			"scale": [0.4, 0.4, 0.4]
		},
		"thirdperson_lefthand": {
			"scale": [0.4, 0.4, 0.4]
		},
		"firstperson_righthand": {
			"scale": [0.4, 0.4, 0.4]
		},
		"firstperson_lefthand": {
			"scale": [0.4, 0.4, 0.4]
		},
		"ground": {
			"translation": [0, 6.25, 0],
			"scale": [0.68, 0.68, 0.68]
		},
		"gui": {
			"rotation": [0, 142, 0]
		},
		"head": {
			"translation": [0, 3.25, 0],
			"scale": [1.55, 1.45, 1.55]
		},
		"fixed": {
			"scale": [0.83, 0.83, 0.83]
		}
	}
}