{
	"credit": "Made with Blockbench",
	"parent": "golden_sword",
	"textures": {
		"0": "reawakens:item/ezekiels_embrace"
	},
	"elements": [
		{
			"name": "Main",
			"from": [7.75, 5.25, 6.75],
			"to": [8.25, 17.75, 9.25],
			"rotation": {"angle": 0, "axis": "x", "origin": [7, 6.5, 7]},
			"faces": {
				"north": {"uv": [7, 0, 8, 13], "texture": "#0"},
				"east": {"uv": [0, 0, 3, 13], "texture": "#0"},
				"south": {"uv": [6, 0, 7, 13], "texture": "#0"},
				"west": {"uv": [3, 0, 6, 13], "texture": "#0"},
				"up": {"uv": [11, 9, 8, 8], "rotation": 90, "texture": "#0"},
				"down": {"uv": [11, 9, 8, 10], "rotation": 270, "texture": "#0"}
			}
		},
		{
			"name": "top",
			"from": [7.75, 18.25, 7.5],
			"to": [8.25, 18.75, 8.5],
			"rotation": {"angle": 0, "axis": "x", "origin": [7, 19, 7]},
			"faces": {
				"north": {"uv": [14, 0, 15, 1], "texture": "#0"},
				"east": {"uv": [13, 12, 14, 13], "texture": "#0"},
				"south": {"uv": [13, 13, 14, 14], "texture": "#0"},
				"west": {"uv": [0, 14, 1, 15], "texture": "#0"},
				"up": {"uv": [2, 15, 1, 14], "rotation": 90, "texture": "#0"},
				"down": {"uv": [15, 1, 14, 2], "rotation": 270, "texture": "#0"}
			}
		},
		{
			"name": "middle",
			"from": [7.75, 17.75, 7],
			"to": [8.25, 18.25, 9],
			"rotation": {"angle": 0, "axis": "x", "origin": [7, 18.5, 7]},
			"faces": {
				"north": {"uv": [12, 13, 13, 14], "texture": "#0"},
				"east": {"uv": [12, 7, 14, 8], "texture": "#0"},
				"south": {"uv": [13, 11, 14, 12], "texture": "#0"},
				"west": {"uv": [11, 12, 13, 13], "texture": "#0"},
				"up": {"uv": [2, 14, 0, 13], "rotation": 90, "texture": "#0"},
				"down": {"uv": [4, 13, 2, 14], "rotation": 270, "texture": "#0"}
			}
		},
		{
			"name": "Bottom gem",
			"from": [7.5, 0, 7.5],
			"to": [8.5, 0.25, 8.5],
			"rotation": {"angle": 0, "axis": "x", "origin": [7, -1.5, 7]},
			"faces": {
				"north": {"uv": [13, 6, 14, 7], "texture": "#0"},
				"east": {"uv": [5, 13, 6, 14], "texture": "#0"},
				"south": {"uv": [13, 5, 14, 6], "texture": "#0"},
				"west": {"uv": [6, 13, 7, 14], "texture": "#0"},
				"up": {"uv": [8, 14, 7, 13], "rotation": 90, "texture": "#0"},
				"down": {"uv": [9, 13, 8, 14], "rotation": 270, "texture": "#0"}
			}
		},
		{
			"from": [7.25, 0.25, 7.25],
			"to": [8.75, 1.5, 8.75],
			"rotation": {"angle": 0, "axis": "x", "origin": [7, -0.5, 7]},
			"faces": {
				"north": {"uv": [11, 6, 13, 7], "texture": "#0"},
				"east": {"uv": [10, 7, 12, 8], "texture": "#0"},
				"south": {"uv": [11, 4, 13, 5], "texture": "#0"},
				"west": {"uv": [11, 5, 13, 6], "texture": "#0"},
				"up": {"uv": [10, 6, 8, 4], "rotation": 90, "texture": "#0"},
				"down": {"uv": [10, 6, 8, 8], "rotation": 270, "texture": "#0"}
			}
		},
		{
			"name": "Guard",
			"from": [7.5, 4.5, 6.25],
			"to": [8.5, 5.25, 9.75],
			"rotation": {"angle": 0, "axis": "x", "origin": [7, 5, 7]},
			"faces": {
				"north": {"uv": [13, 4, 14, 5], "texture": "#0"},
				"east": {"uv": [8, 0, 12, 1], "texture": "#0"},
				"south": {"uv": [4, 13, 5, 14], "texture": "#0"},
				"west": {"uv": [8, 1, 12, 2], "texture": "#0"},
				"up": {"uv": [12, 3, 8, 2], "rotation": 90, "texture": "#0"},
				"down": {"uv": [12, 3, 8, 4], "rotation": 270, "texture": "#0"}
			}
		},
		{
			"name": "Guard left",
			"from": [7.5, 4.5, 9.5],
			"to": [8.5, 5.25, 11],
			"rotation": {"angle": -22.5, "axis": "x", "origin": [7, 5, 9.5]},
			"faces": {
				"north": {"uv": [9, 13, 10, 14], "texture": "#0"},
				"east": {"uv": [11, 8, 13, 9], "texture": "#0"},
				"south": {"uv": [13, 8, 14, 9], "texture": "#0"},
				"west": {"uv": [11, 9, 13, 10], "texture": "#0"},
				"up": {"uv": [13, 11, 11, 10], "rotation": 90, "texture": "#0"},
				"down": {"uv": [13, 11, 11, 12], "rotation": 270, "texture": "#0"}
			}
		},
		{
			"name": "guard Right",
			"from": [7.5, 4.5, 5],
			"to": [8.5, 5.25, 6.5],
			"rotation": {"angle": 22.5, "axis": "x", "origin": [7, 5, 6.5]},
			"faces": {
				"north": {"uv": [10, 13, 11, 14], "texture": "#0"},
				"east": {"uv": [12, 0, 14, 1], "texture": "#0"},
				"south": {"uv": [13, 9, 14, 10], "texture": "#0"},
				"west": {"uv": [12, 1, 14, 2], "texture": "#0"},
				"up": {"uv": [14, 3, 12, 2], "rotation": 90, "texture": "#0"},
				"down": {"uv": [14, 3, 12, 4], "rotation": 270, "texture": "#0"}
			}
		},
		{
			"name": "hilt",
			"from": [7.5, 1.5, 7.5],
			"to": [8.5, 4.5, 8.5],
			"rotation": {"angle": 0, "axis": "x", "origin": [7, 1.5, 7]},
			"faces": {
				"north": {"uv": [10, 10, 11, 13], "texture": "#0"},
				"east": {"uv": [10, 4, 11, 7], "texture": "#0"},
				"south": {"uv": [8, 10, 9, 13], "texture": "#0"},
				"west": {"uv": [9, 10, 10, 13], "texture": "#0"},
				"up": {"uv": [14, 11, 13, 10], "rotation": 90, "texture": "#0"},
				"down": {"uv": [12, 13, 11, 14], "rotation": 270, "texture": "#0"}
			}
		}
	],
	"display": {
		"thirdperson_righthand": {
			"translation": [0, 4, 0],
			"scale": [1.2, 1.2, 1.2]
		},
		"thirdperson_lefthand": {
			"translation": [0, 4, 0],
			"scale": [1.2, 1.2, 1.2]
		},
		"firstperson_righthand": {
			"translation": [0, 3.25, 0]
		},
		"firstperson_lefthand": {
			"translation": [0, 3.25, 0]
		},
		"ground": {
			"translation": [0, 3.25, 0]
		},
		"gui": {
			"rotation": [90, 45, -90],
			"translation": [-1, -1, 0]
		},
		"fixed": {
			"rotation": [0, 90, 0],
			"translation": [0, -1.25, 0],
			"scale": [0.8, 0.8, 0.8]
		}
	}
}