{
	"credit": "Made with Blockbench",
	"texture_size": [32, 32],
	"textures": {
		"0": "reawakens:item/reavers"
	},
	"elements": [
		{
			"from": [3.21843, 2.48773, 7.00647],
			"to": [4.34343, 3.61273, 8.05647],
			"rotation": {"angle": 45, "axis": "z", "origin": [8.00133, 7.26875, 7.51272]},
			"faces": {
				"north": {"uv": [2.5, 5.5, 3, 6], "texture": "#0"},
				"east": {"uv": [5, 5.5, 5.5, 6], "texture": "#0"},
				"south": {"uv": [5.5, 5.5, 6, 6], "texture": "#0"},
				"west": {"uv": [6, 0, 6.5, 0.5], "texture": "#0"},
				"up": {"uv": [6.5, 1, 6, 0.5], "texture": "#0"},
				"down": {"uv": [1.5, 6, 1, 6.5], "texture": "#0"}
			}
		},
		{
			"from": [5.24508, 4.51438, 7.00647],
			"to": [7.62008, 6.88938, 8.05647],
			"rotation": {"angle": 45, "axis": "z", "origin": [8.00133, 7.26875, 7.51272]},
			"faces": {
				"north": {"uv": [1, 4.5, 2, 5.5], "texture": "#0"},
				"east": {"uv": [5, 2, 5.5, 3], "texture": "#0"},
				"south": {"uv": [2, 4.5, 3, 5.5], "texture": "#0"},
				"west": {"uv": [5, 3, 5.5, 4], "texture": "#0"},
				"up": {"uv": [6, 4.5, 5, 4], "texture": "#0"},
				"down": {"uv": [6, 4.5, 5, 5], "texture": "#0"}
			}
		},
		{
			"from": [5.84508, 5.11438, 6.90647],
			"to": [7.02008, 6.28938, 8.15647],
			"rotation": {"angle": 45, "axis": "z", "origin": [8.00133, 7.26875, 7.41272]},
			"faces": {
				"north": {"uv": [6, 1, 6.5, 1.5], "texture": "#0"},
				"east": {"uv": [5, 5, 5.75, 5.5], "texture": "#0"},
				"south": {"uv": [1.5, 6, 2, 6.5], "texture": "#0"},
				"west": {"uv": [1, 5.5, 1.75, 6], "texture": "#0"},
				"up": {"uv": [2.5, 6.25, 2, 5.5], "texture": "#0"},
				"down": {"uv": [6, 2, 5.5, 2.75], "texture": "#0"}
			}
		},
		{
			"from": [11.41924, 10.68477, 7.24147],
			"to": [13.02424, 12.28977, 7.74647],
			"rotation": {"angle": 45, "axis": "z", "origin": [8.00133, 7.26875, 7.51272]},
			"faces": {
				"north": {"uv": [5, 0, 5.75, 0.75], "texture": "#0"},
				"east": {"uv": [2.5, 6, 2.75, 6.75], "texture": "#0"},
				"south": {"uv": [5, 1, 5.75, 1.75], "texture": "#0"},
				"west": {"uv": [6, 4, 6.25, 4.75], "texture": "#0"},
				"up": {"uv": [6.75, 2.75, 6, 2.5], "texture": "#0"},
				"down": {"uv": [5.75, 6, 5, 6.25], "texture": "#0"}
			}
		},
		{
			"from": [11.19424, 9.45977, 7.36647],
			"to": [13.24924, 11.51477, 7.62147],
			"rotation": {"angle": 45, "axis": "z", "origin": [8.00133, 6.26875, 7.51272]},
			"faces": {
				"north": {"uv": [5, 0, 5.75, 0.75], "texture": "#0"},
				"east": {"uv": [2.5, 6, 2.75, 6.75], "texture": "#0"},
				"south": {"uv": [5, 1, 5.75, 1.75], "texture": "#0"},
				"west": {"uv": [6, 4, 6.25, 4.75], "texture": "#0"},
				"up": {"uv": [6.75, 2.75, 6, 2.5], "texture": "#0"},
				"down": {"uv": [5.75, 6, 5, 6.25], "texture": "#0"}
			}
		},
		{
			"from": [11.19424, 8.45977, 7.36647],
			"to": [13.24924, 10.51477, 7.62147],
			"rotation": {"angle": 45, "axis": "z", "origin": [8.00133, 5.26875, 7.51272]},
			"faces": {
				"north": {"uv": [5, 0, 5.75, 0.75], "texture": "#0"},
				"east": {"uv": [2.5, 6, 2.75, 6.75], "texture": "#0"},
				"south": {"uv": [5, 1, 5.75, 1.75], "texture": "#0"},
				"west": {"uv": [6, 4, 6.25, 4.75], "texture": "#0"},
				"up": {"uv": [6.75, 2.75, 6, 2.5], "texture": "#0"},
				"down": {"uv": [5.75, 6, 5, 6.25], "texture": "#0"}
			}
		},
		{
			"from": [11.19424, 6.45977, 7.36647],
			"to": [13.24924, 8.51477, 7.62147],
			"rotation": {"angle": 45, "axis": "z", "origin": [8.00133, 3.26875, 7.51272]},
			"faces": {
				"north": {"uv": [5, 0, 5.75, 0.75], "texture": "#0"},
				"east": {"uv": [2.5, 6, 2.75, 6.75], "texture": "#0"},
				"south": {"uv": [5, 1, 5.75, 1.75], "texture": "#0"},
				"west": {"uv": [6, 4, 6.25, 4.75], "texture": "#0"},
				"up": {"uv": [6.75, 2.75, 6, 2.5], "texture": "#0"},
				"down": {"uv": [5.75, 6, 5, 6.25], "texture": "#0"}
			}
		},
		{
			"from": [11.19424, 7.45977, 7.36647],
			"to": [13.24924, 9.51477, 7.62147],
			"rotation": {"angle": 45, "axis": "z", "origin": [8.00133, 4.26875, 7.51272]},
			"faces": {
				"north": {"uv": [5, 0, 5.75, 0.75], "texture": "#0"},
				"east": {"uv": [2.5, 6, 2.75, 6.75], "texture": "#0"},
				"south": {"uv": [5, 1, 5.75, 1.75], "texture": "#0"},
				"west": {"uv": [6, 4, 6.25, 4.75], "texture": "#0"},
				"up": {"uv": [6.75, 2.75, 6, 2.5], "texture": "#0"},
				"down": {"uv": [5.75, 6, 5, 6.25], "texture": "#0"}
			}
		},
		{
			"from": [11.19424, 4.45977, 7.36647],
			"to": [13.24924, 6.51477, 7.62147],
			"rotation": {"angle": 45, "axis": "z", "origin": [8.00133, 1.26875, 7.51272]},
			"faces": {
				"north": {"uv": [5, 0, 5.75, 0.75], "texture": "#0"},
				"east": {"uv": [2.5, 6, 2.75, 6.75], "texture": "#0"},
				"south": {"uv": [5, 1, 5.75, 1.75], "texture": "#0"},
				"west": {"uv": [6, 4, 6.25, 4.75], "texture": "#0"},
				"up": {"uv": [6.75, 2.75, 6, 2.5], "texture": "#0"},
				"down": {"uv": [5.75, 6, 5, 6.25], "texture": "#0"}
			}
		},
		{
			"from": [11.19424, 3.45977, 7.36647],
			"to": [13.24924, 5.51477, 7.62147],
			"rotation": {"angle": 45, "axis": "z", "origin": [8.00133, 0.26875, 7.51272]},
			"faces": {
				"north": {"uv": [5, 0, 5.75, 0.75], "texture": "#0"},
				"east": {"uv": [2.5, 6, 2.75, 6.75], "texture": "#0"},
				"south": {"uv": [5, 1, 5.75, 1.75], "texture": "#0"},
				"west": {"uv": [6, 4, 6.25, 4.75], "texture": "#0"},
				"up": {"uv": [6.75, 2.75, 6, 2.5], "texture": "#0"},
				"down": {"uv": [5.75, 6, 5, 6.25], "texture": "#0"}
			}
		},
		{
			"from": [11.19424, 5.45977, 7.36647],
			"to": [13.24924, 7.51477, 7.62147],
			"rotation": {"angle": 45, "axis": "z", "origin": [8.00133, 2.26875, 7.51272]},
			"faces": {
				"north": {"uv": [5, 0, 5.75, 0.75], "texture": "#0"},
				"east": {"uv": [2.5, 6, 2.75, 6.75], "texture": "#0"},
				"south": {"uv": [5, 1, 5.75, 1.75], "texture": "#0"},
				"west": {"uv": [6, 4, 6.25, 4.75], "texture": "#0"},
				"up": {"uv": [6.75, 2.75, 6, 2.5], "texture": "#0"},
				"down": {"uv": [5.75, 6, 5, 6.25], "texture": "#0"}
			}
		},
		{
			"from": [7.625, 1.25603, 7.15647],
			"to": [8.375, 4.63103, 7.90647],
			"rotation": {"angle": 0, "axis": "y", "origin": [8.00133, 7.26875, 7.51272]},
			"faces": {
				"north": {"uv": [3, 4.5, 3.5, 6.25], "texture": "#0"},
				"east": {"uv": [3.5, 4.5, 4, 6.25], "texture": "#0"},
				"south": {"uv": [4, 4.5, 4.5, 6.25], "texture": "#0"},
				"west": {"uv": [4.5, 4.5, 5, 6.25], "texture": "#0"},
				"up": {"uv": [6.5, 2, 6, 1.5], "texture": "#0"},
				"down": {"uv": [6.5, 2, 6, 2.5], "texture": "#0"}
			}
		},
		{
			"from": [6.875, 4.63103, 7.30647],
			"to": [9.125, 13.25603, 7.68147],
			"rotation": {"angle": 0, "axis": "y", "origin": [8.00133, 7.26875, 7.51272]},
			"faces": {
				"north": {"uv": [0, 0, 1.25, 4.25], "texture": "#0"},
				"east": {"uv": [4.5, 0, 4.75, 4.25], "texture": "#0"},
				"south": {"uv": [1.5, 0, 2.75, 4.25], "texture": "#0"},
				"west": {"uv": [0.5, 4.5, 0.75, 8.75], "texture": "#0"},
				"up": {"uv": [6.75, 3.25, 5.5, 3], "texture": "#0"},
				"down": {"uv": [6.75, 3.5, 5.5, 3.75], "texture": "#0"}
			}
		},
		{
			"from": [7.625, 4.63103, 7.28147],
			"to": [8.375, 12.55603, 7.70647],
			"rotation": {"angle": 0, "axis": "y", "origin": [8.00133, 7.26875, 7.51272]},
			"faces": {
				"north": {"uv": [3, 0, 3.5, 4.25], "texture": "#0"},
				"east": {"uv": [4, 0, 4.25, 4.25], "texture": "#0"},
				"south": {"uv": [3.5, 0, 4, 4.25], "texture": "#0"},
				"west": {"uv": [0, 4.5, 0.25, 8.75], "texture": "#0"},
				"up": {"uv": [6.5, 5.25, 6, 5], "texture": "#0"},
				"down": {"uv": [6.5, 5.5, 6, 5.75], "texture": "#0"}
			}
		}
	],
	"display": {
		"thirdperson_righthand": {
			"rotation": [0, 90, 0],
			"translation": [0, 8, 0],
			"scale": [1.87, 1.87, 1.87]
		},
		"thirdperson_lefthand": {
			"rotation": [0, 90, 0],
			"translation": [0, 8, 0],
			"scale": [1.87, 1.87, 1.87]
		},
		"firstperson_righthand": {
			"rotation": [-10, 90, 0],
			"translation": [0, 6, 2]
		},
		"firstperson_lefthand": {
			"rotation": [-9, 90, 0],
			"translation": [0, 5, 2]
		},
		"ground": {
			"translation": [0, 3.5, 0],
			"scale": [0.57, 0.57, 0.57]
		},
		"gui": {
			"rotation": [0, 0, -45],
			"scale": [1.4, 1.4, 1.4]
		},
		"fixed": {
			"rotation": [0, 0, 45],
			"scale": [1.63, 1.63, 1.63]
		}
	}
}